Strength_interval,Count
0.000378677825463,7202784
0.000151786047902,6745654
2.63965745442e-06,1376521
7.22991321748e-05,4574571
9.02432370664e-06,4511348
8.77341287935e-05,2493114
0.000226858739318,5223423
1.66334738904e-06,4609300
3.38744181685e-06,903722
0.00178575312921,34819627
3.85876336334e-05,13030224
4.95375725036e-05,3129730
